"","Year","Month","value","dt","color","id"
"1",1948,"Jan",3.4,1948-01-01,TRUE,1
"2",1948,"Feb",3.8,1948-02-01,TRUE,1
"3",1948,"Mar",4,1948-03-01,FALSE,1
"4",1948,"Apr",3.9,1948-04-01,TRUE,1
"5",1948,"May",3.5,1948-05-01,TRUE,1
"6",1948,"Jun",3.6,1948-06-01,TRUE,1
"7",1948,"Jul",3.6,1948-07-01,TRUE,1
"8",1948,"Aug",3.9,1948-08-01,TRUE,1
"9",1948,"Sep",3.8,1948-09-01,TRUE,1
"10",1948,"Oct",3.7,1948-10-01,TRUE,1
"11",1948,"Nov",3.8,1948-11-01,TRUE,1
"12",1948,"Dec",4,1948-12-01,FALSE,1
"13",1949,"Jan",4.3,1949-01-01,FALSE,1
"14",1949,"Feb",4.7,1949-02-01,FALSE,1
"15",1949,"Mar",5,1949-03-01,FALSE,1
"16",1949,"Apr",5.3,1949-04-01,FALSE,1
"17",1949,"May",6.1,1949-05-01,FALSE,1
"18",1949,"Jun",6.2,1949-06-01,FALSE,1
"19",1949,"Jul",6.7,1949-07-01,FALSE,1
"20",1949,"Aug",6.8,1949-08-01,FALSE,1
"21",1949,"Sep",6.6,1949-09-01,FALSE,1
"22",1949,"Oct",7.9,1949-10-01,FALSE,1
"23",1949,"Nov",6.4,1949-11-01,FALSE,1
"24",1949,"Dec",6.6,1949-12-01,FALSE,1
"25",1950,"Jan",6.5,1950-01-01,FALSE,1
"26",1950,"Feb",6.4,1950-02-01,FALSE,1
"27",1950,"Mar",6.3,1950-03-01,FALSE,1
"28",1950,"Apr",5.8,1950-04-01,FALSE,1
"29",1950,"May",5.5,1950-05-01,FALSE,1
"30",1950,"Jun",5.4,1950-06-01,FALSE,1
"31",1950,"Jul",5,1950-07-01,FALSE,1
"32",1950,"Aug",4.5,1950-08-01,FALSE,1
"33",1950,"Sep",4.4,1950-09-01,FALSE,1
"34",1950,"Oct",4.2,1950-10-01,FALSE,1
"35",1950,"Nov",4.2,1950-11-01,FALSE,1
"36",1950,"Dec",4.3,1950-12-01,FALSE,1
"37",1951,"Jan",3.7,1951-01-01,TRUE,1
"38",1951,"Feb",3.4,1951-02-01,TRUE,1
"39",1951,"Mar",3.4,1951-03-01,TRUE,1
"40",1951,"Apr",3.1,1951-04-01,TRUE,1
"41",1951,"May",3,1951-05-01,TRUE,1
"42",1951,"Jun",3.2,1951-06-01,TRUE,1
"43",1951,"Jul",3.1,1951-07-01,TRUE,1
"44",1951,"Aug",3.1,1951-08-01,TRUE,1
"45",1951,"Sep",3.3,1951-09-01,TRUE,1
"46",1951,"Oct",3.5,1951-10-01,TRUE,1
"47",1951,"Nov",3.5,1951-11-01,TRUE,1
"48",1951,"Dec",3.1,1951-12-01,TRUE,1
"49",1952,"Jan",3.2,1952-01-01,TRUE,1
"50",1952,"Feb",3.1,1952-02-01,TRUE,1
"51",1952,"Mar",2.9,1952-03-01,TRUE,1
"52",1952,"Apr",2.9,1952-04-01,TRUE,1
"53",1952,"May",3,1952-05-01,TRUE,1
"54",1952,"Jun",3,1952-06-01,TRUE,1
"55",1952,"Jul",3.2,1952-07-01,TRUE,1
"56",1952,"Aug",3.4,1952-08-01,TRUE,1
"57",1952,"Sep",3.1,1952-09-01,TRUE,1
"58",1952,"Oct",3,1952-10-01,TRUE,1
"59",1952,"Nov",2.8,1952-11-01,TRUE,1
"60",1952,"Dec",2.7,1952-12-01,TRUE,1
"61",1953,"Jan",2.9,1953-01-01,TRUE,1
"62",1953,"Feb",2.6,1953-02-01,TRUE,1
"63",1953,"Mar",2.6,1953-03-01,TRUE,1
"64",1953,"Apr",2.7,1953-04-01,TRUE,1
"65",1953,"May",2.5,1953-05-01,TRUE,1
"66",1953,"Jun",2.5,1953-06-01,TRUE,1
"67",1953,"Jul",2.6,1953-07-01,TRUE,1
"68",1953,"Aug",2.7,1953-08-01,TRUE,1
"69",1953,"Sep",2.9,1953-09-01,TRUE,1
"70",1953,"Oct",3.1,1953-10-01,TRUE,1
"71",1953,"Nov",3.5,1953-11-01,TRUE,1
"72",1953,"Dec",4.5,1953-12-01,FALSE,1
"73",1954,"Jan",4.9,1954-01-01,FALSE,1
"74",1954,"Feb",5.2,1954-02-01,FALSE,1
"75",1954,"Mar",5.7,1954-03-01,FALSE,1
"76",1954,"Apr",5.9,1954-04-01,FALSE,1
"77",1954,"May",5.9,1954-05-01,FALSE,1
"78",1954,"Jun",5.6,1954-06-01,FALSE,1
"79",1954,"Jul",5.8,1954-07-01,FALSE,1
"80",1954,"Aug",6,1954-08-01,FALSE,1
"81",1954,"Sep",6.1,1954-09-01,FALSE,1
"82",1954,"Oct",5.7,1954-10-01,FALSE,1
"83",1954,"Nov",5.3,1954-11-01,FALSE,1
"84",1954,"Dec",5,1954-12-01,FALSE,1
"85",1955,"Jan",4.9,1955-01-01,FALSE,1
"86",1955,"Feb",4.7,1955-02-01,FALSE,1
"87",1955,"Mar",4.6,1955-03-01,FALSE,1
"88",1955,"Apr",4.7,1955-04-01,FALSE,1
"89",1955,"May",4.3,1955-05-01,FALSE,1
"90",1955,"Jun",4.2,1955-06-01,FALSE,1
"91",1955,"Jul",4,1955-07-01,FALSE,1
"92",1955,"Aug",4.2,1955-08-01,FALSE,1
"93",1955,"Sep",4.1,1955-09-01,FALSE,1
"94",1955,"Oct",4.3,1955-10-01,FALSE,1
"95",1955,"Nov",4.2,1955-11-01,FALSE,1
"96",1955,"Dec",4.2,1955-12-01,FALSE,1
"97",1956,"Jan",4,1956-01-01,FALSE,1
"98",1956,"Feb",3.9,1956-02-01,TRUE,1
"99",1956,"Mar",4.2,1956-03-01,FALSE,1
"100",1956,"Apr",4,1956-04-01,FALSE,1
"101",1956,"May",4.3,1956-05-01,FALSE,1
"102",1956,"Jun",4.3,1956-06-01,FALSE,1
"103",1956,"Jul",4.4,1956-07-01,FALSE,1
"104",1956,"Aug",4.1,1956-08-01,FALSE,1
"105",1956,"Sep",3.9,1956-09-01,TRUE,1
"106",1956,"Oct",3.9,1956-10-01,TRUE,1
"107",1956,"Nov",4.3,1956-11-01,FALSE,1
"108",1956,"Dec",4.2,1956-12-01,FALSE,1
"109",1957,"Jan",4.2,1957-01-01,FALSE,1
"110",1957,"Feb",3.9,1957-02-01,TRUE,1
"111",1957,"Mar",3.7,1957-03-01,TRUE,1
"112",1957,"Apr",3.9,1957-04-01,TRUE,1
"113",1957,"May",4.1,1957-05-01,FALSE,1
"114",1957,"Jun",4.3,1957-06-01,FALSE,1
"115",1957,"Jul",4.2,1957-07-01,FALSE,1
"116",1957,"Aug",4.1,1957-08-01,FALSE,1
"117",1957,"Sep",4.4,1957-09-01,FALSE,1
"118",1957,"Oct",4.5,1957-10-01,FALSE,1
"119",1957,"Nov",5.1,1957-11-01,FALSE,1
"120",1957,"Dec",5.2,1957-12-01,FALSE,1
"121",1958,"Jan",5.8,1958-01-01,FALSE,1
"122",1958,"Feb",6.4,1958-02-01,FALSE,1
"123",1958,"Mar",6.7,1958-03-01,FALSE,1
"124",1958,"Apr",7.4,1958-04-01,FALSE,1
"125",1958,"May",7.4,1958-05-01,FALSE,1
"126",1958,"Jun",7.3,1958-06-01,FALSE,1
"127",1958,"Jul",7.5,1958-07-01,FALSE,1
"128",1958,"Aug",7.4,1958-08-01,FALSE,1
"129",1958,"Sep",7.1,1958-09-01,FALSE,1
"130",1958,"Oct",6.7,1958-10-01,FALSE,1
"131",1958,"Nov",6.2,1958-11-01,FALSE,1
"132",1958,"Dec",6.2,1958-12-01,FALSE,1
"133",1959,"Jan",6,1959-01-01,FALSE,1
"134",1959,"Feb",5.9,1959-02-01,FALSE,1
"135",1959,"Mar",5.6,1959-03-01,FALSE,1
"136",1959,"Apr",5.2,1959-04-01,FALSE,1
"137",1959,"May",5.1,1959-05-01,FALSE,1
"138",1959,"Jun",5,1959-06-01,FALSE,1
"139",1959,"Jul",5.1,1959-07-01,FALSE,1
"140",1959,"Aug",5.2,1959-08-01,FALSE,1
"141",1959,"Sep",5.5,1959-09-01,FALSE,1
"142",1959,"Oct",5.7,1959-10-01,FALSE,1
"143",1959,"Nov",5.8,1959-11-01,FALSE,1
"144",1959,"Dec",5.3,1959-12-01,FALSE,1
"145",1960,"Jan",5.2,1960-01-01,FALSE,1
"146",1960,"Feb",4.8,1960-02-01,FALSE,1
"147",1960,"Mar",5.4,1960-03-01,FALSE,1
"148",1960,"Apr",5.2,1960-04-01,FALSE,1
"149",1960,"May",5.1,1960-05-01,FALSE,1
"150",1960,"Jun",5.4,1960-06-01,FALSE,1
"151",1960,"Jul",5.5,1960-07-01,FALSE,1
"152",1960,"Aug",5.6,1960-08-01,FALSE,1
"153",1960,"Sep",5.5,1960-09-01,FALSE,1
"154",1960,"Oct",6.1,1960-10-01,FALSE,1
"155",1960,"Nov",6.1,1960-11-01,FALSE,1
"156",1960,"Dec",6.6,1960-12-01,FALSE,1
"157",1961,"Jan",6.6,1961-01-01,FALSE,1
"158",1961,"Feb",6.9,1961-02-01,FALSE,1
"159",1961,"Mar",6.9,1961-03-01,FALSE,1
"160",1961,"Apr",7,1961-04-01,FALSE,1
"161",1961,"May",7.1,1961-05-01,FALSE,1
"162",1961,"Jun",6.9,1961-06-01,FALSE,1
"163",1961,"Jul",7,1961-07-01,FALSE,1
"164",1961,"Aug",6.6,1961-08-01,FALSE,1
"165",1961,"Sep",6.7,1961-09-01,FALSE,1
"166",1961,"Oct",6.5,1961-10-01,FALSE,1
"167",1961,"Nov",6.1,1961-11-01,FALSE,1
"168",1961,"Dec",6,1961-12-01,FALSE,1
"169",1962,"Jan",5.8,1962-01-01,FALSE,1
"170",1962,"Feb",5.5,1962-02-01,FALSE,1
"171",1962,"Mar",5.6,1962-03-01,FALSE,1
"172",1962,"Apr",5.6,1962-04-01,FALSE,1
"173",1962,"May",5.5,1962-05-01,FALSE,1
"174",1962,"Jun",5.5,1962-06-01,FALSE,1
"175",1962,"Jul",5.4,1962-07-01,FALSE,1
"176",1962,"Aug",5.7,1962-08-01,FALSE,1
"177",1962,"Sep",5.6,1962-09-01,FALSE,1
"178",1962,"Oct",5.4,1962-10-01,FALSE,1
"179",1962,"Nov",5.7,1962-11-01,FALSE,1
"180",1962,"Dec",5.5,1962-12-01,FALSE,1
"181",1963,"Jan",5.7,1963-01-01,FALSE,1
"182",1963,"Feb",5.9,1963-02-01,FALSE,1
"183",1963,"Mar",5.7,1963-03-01,FALSE,1
"184",1963,"Apr",5.7,1963-04-01,FALSE,1
"185",1963,"May",5.9,1963-05-01,FALSE,1
"186",1963,"Jun",5.6,1963-06-01,FALSE,1
"187",1963,"Jul",5.6,1963-07-01,FALSE,1
"188",1963,"Aug",5.4,1963-08-01,FALSE,1
"189",1963,"Sep",5.5,1963-09-01,FALSE,1
"190",1963,"Oct",5.5,1963-10-01,FALSE,1
"191",1963,"Nov",5.7,1963-11-01,FALSE,1
"192",1963,"Dec",5.5,1963-12-01,FALSE,1
"193",1964,"Jan",5.6,1964-01-01,FALSE,1
"194",1964,"Feb",5.4,1964-02-01,FALSE,1
"195",1964,"Mar",5.4,1964-03-01,FALSE,1
"196",1964,"Apr",5.3,1964-04-01,FALSE,1
"197",1964,"May",5.1,1964-05-01,FALSE,1
"198",1964,"Jun",5.2,1964-06-01,FALSE,1
"199",1964,"Jul",4.9,1964-07-01,FALSE,1
"200",1964,"Aug",5,1964-08-01,FALSE,1
"201",1964,"Sep",5.1,1964-09-01,FALSE,1
"202",1964,"Oct",5.1,1964-10-01,FALSE,1
"203",1964,"Nov",4.8,1964-11-01,FALSE,1
"204",1964,"Dec",5,1964-12-01,FALSE,1
"205",1965,"Jan",4.9,1965-01-01,FALSE,1
"206",1965,"Feb",5.1,1965-02-01,FALSE,1
"207",1965,"Mar",4.7,1965-03-01,FALSE,1
"208",1965,"Apr",4.8,1965-04-01,FALSE,1
"209",1965,"May",4.6,1965-05-01,FALSE,1
"210",1965,"Jun",4.6,1965-06-01,FALSE,1
"211",1965,"Jul",4.4,1965-07-01,FALSE,1
"212",1965,"Aug",4.4,1965-08-01,FALSE,1
"213",1965,"Sep",4.3,1965-09-01,FALSE,1
"214",1965,"Oct",4.2,1965-10-01,FALSE,1
"215",1965,"Nov",4.1,1965-11-01,FALSE,1
"216",1965,"Dec",4,1965-12-01,FALSE,1
"217",1966,"Jan",4,1966-01-01,FALSE,1
"218",1966,"Feb",3.8,1966-02-01,TRUE,1
"219",1966,"Mar",3.8,1966-03-01,TRUE,1
"220",1966,"Apr",3.8,1966-04-01,TRUE,1
"221",1966,"May",3.9,1966-05-01,TRUE,1
"222",1966,"Jun",3.8,1966-06-01,TRUE,1
"223",1966,"Jul",3.8,1966-07-01,TRUE,1
"224",1966,"Aug",3.8,1966-08-01,TRUE,1
"225",1966,"Sep",3.7,1966-09-01,TRUE,1
"226",1966,"Oct",3.7,1966-10-01,TRUE,1
"227",1966,"Nov",3.6,1966-11-01,TRUE,1
"228",1966,"Dec",3.8,1966-12-01,TRUE,1
"229",1967,"Jan",3.9,1967-01-01,TRUE,1
"230",1967,"Feb",3.8,1967-02-01,TRUE,1
"231",1967,"Mar",3.8,1967-03-01,TRUE,1
"232",1967,"Apr",3.8,1967-04-01,TRUE,1
"233",1967,"May",3.8,1967-05-01,TRUE,1
"234",1967,"Jun",3.9,1967-06-01,TRUE,1
"235",1967,"Jul",3.8,1967-07-01,TRUE,1
"236",1967,"Aug",3.8,1967-08-01,TRUE,1
"237",1967,"Sep",3.8,1967-09-01,TRUE,1
"238",1967,"Oct",4,1967-10-01,FALSE,1
"239",1967,"Nov",3.9,1967-11-01,TRUE,1
"240",1967,"Dec",3.8,1967-12-01,TRUE,1
"241",1968,"Jan",3.7,1968-01-01,TRUE,1
"242",1968,"Feb",3.8,1968-02-01,TRUE,1
"243",1968,"Mar",3.7,1968-03-01,TRUE,1
"244",1968,"Apr",3.5,1968-04-01,TRUE,1
"245",1968,"May",3.5,1968-05-01,TRUE,1
"246",1968,"Jun",3.7,1968-06-01,TRUE,1
"247",1968,"Jul",3.7,1968-07-01,TRUE,1
"248",1968,"Aug",3.5,1968-08-01,TRUE,1
"249",1968,"Sep",3.4,1968-09-01,TRUE,1
"250",1968,"Oct",3.4,1968-10-01,TRUE,1
"251",1968,"Nov",3.4,1968-11-01,TRUE,1
"252",1968,"Dec",3.4,1968-12-01,TRUE,1
"253",1969,"Jan",3.4,1969-01-01,TRUE,1
"254",1969,"Feb",3.4,1969-02-01,TRUE,1
"255",1969,"Mar",3.4,1969-03-01,TRUE,1
"256",1969,"Apr",3.4,1969-04-01,TRUE,1
"257",1969,"May",3.4,1969-05-01,TRUE,1
"258",1969,"Jun",3.5,1969-06-01,TRUE,1
"259",1969,"Jul",3.5,1969-07-01,TRUE,1
"260",1969,"Aug",3.5,1969-08-01,TRUE,1
"261",1969,"Sep",3.7,1969-09-01,TRUE,1
"262",1969,"Oct",3.7,1969-10-01,TRUE,1
"263",1969,"Nov",3.5,1969-11-01,TRUE,1
"264",1969,"Dec",3.5,1969-12-01,TRUE,1
"265",1970,"Jan",3.9,1970-01-01,TRUE,1
"266",1970,"Feb",4.2,1970-02-01,FALSE,1
"267",1970,"Mar",4.4,1970-03-01,FALSE,1
"268",1970,"Apr",4.6,1970-04-01,FALSE,1
"269",1970,"May",4.8,1970-05-01,FALSE,1
"270",1970,"Jun",4.9,1970-06-01,FALSE,1
"271",1970,"Jul",5,1970-07-01,FALSE,1
"272",1970,"Aug",5.1,1970-08-01,FALSE,1
"273",1970,"Sep",5.4,1970-09-01,FALSE,1
"274",1970,"Oct",5.5,1970-10-01,FALSE,1
"275",1970,"Nov",5.9,1970-11-01,FALSE,1
"276",1970,"Dec",6.1,1970-12-01,FALSE,1
"277",1971,"Jan",5.9,1971-01-01,FALSE,1
"278",1971,"Feb",5.9,1971-02-01,FALSE,1
"279",1971,"Mar",6,1971-03-01,FALSE,1
"280",1971,"Apr",5.9,1971-04-01,FALSE,1
"281",1971,"May",5.9,1971-05-01,FALSE,1
"282",1971,"Jun",5.9,1971-06-01,FALSE,1
"283",1971,"Jul",6,1971-07-01,FALSE,1
"284",1971,"Aug",6.1,1971-08-01,FALSE,1
"285",1971,"Sep",6,1971-09-01,FALSE,1
"286",1971,"Oct",5.8,1971-10-01,FALSE,1
"287",1971,"Nov",6,1971-11-01,FALSE,1
"288",1971,"Dec",6,1971-12-01,FALSE,1
"289",1972,"Jan",5.8,1972-01-01,FALSE,1
"290",1972,"Feb",5.7,1972-02-01,FALSE,1
"291",1972,"Mar",5.8,1972-03-01,FALSE,1
"292",1972,"Apr",5.7,1972-04-01,FALSE,1
"293",1972,"May",5.7,1972-05-01,FALSE,1
"294",1972,"Jun",5.7,1972-06-01,FALSE,1
"295",1972,"Jul",5.6,1972-07-01,FALSE,1
"296",1972,"Aug",5.6,1972-08-01,FALSE,1
"297",1972,"Sep",5.5,1972-09-01,FALSE,1
"298",1972,"Oct",5.6,1972-10-01,FALSE,1
"299",1972,"Nov",5.3,1972-11-01,FALSE,1
"300",1972,"Dec",5.2,1972-12-01,FALSE,1
"301",1973,"Jan",4.9,1973-01-01,FALSE,1
"302",1973,"Feb",5,1973-02-01,FALSE,1
"303",1973,"Mar",4.9,1973-03-01,FALSE,1
"304",1973,"Apr",5,1973-04-01,FALSE,1
"305",1973,"May",4.9,1973-05-01,FALSE,1
"306",1973,"Jun",4.9,1973-06-01,FALSE,1
"307",1973,"Jul",4.8,1973-07-01,FALSE,1
"308",1973,"Aug",4.8,1973-08-01,FALSE,1
"309",1973,"Sep",4.8,1973-09-01,FALSE,1
"310",1973,"Oct",4.6,1973-10-01,FALSE,1
"311",1973,"Nov",4.8,1973-11-01,FALSE,1
"312",1973,"Dec",4.9,1973-12-01,FALSE,1
"313",1974,"Jan",5.1,1974-01-01,FALSE,1
"314",1974,"Feb",5.2,1974-02-01,FALSE,1
"315",1974,"Mar",5.1,1974-03-01,FALSE,1
"316",1974,"Apr",5.1,1974-04-01,FALSE,1
"317",1974,"May",5.1,1974-05-01,FALSE,1
"318",1974,"Jun",5.4,1974-06-01,FALSE,1
"319",1974,"Jul",5.5,1974-07-01,FALSE,1
"320",1974,"Aug",5.5,1974-08-01,FALSE,1
"321",1974,"Sep",5.9,1974-09-01,FALSE,1
"322",1974,"Oct",6,1974-10-01,FALSE,1
"323",1974,"Nov",6.6,1974-11-01,FALSE,1
"324",1974,"Dec",7.2,1974-12-01,FALSE,1
"325",1975,"Jan",8.1,1975-01-01,FALSE,1
"326",1975,"Feb",8.1,1975-02-01,FALSE,1
"327",1975,"Mar",8.6,1975-03-01,FALSE,1
"328",1975,"Apr",8.8,1975-04-01,FALSE,1
"329",1975,"May",9,1975-05-01,FALSE,1
"330",1975,"Jun",8.8,1975-06-01,FALSE,1
"331",1975,"Jul",8.6,1975-07-01,FALSE,1
"332",1975,"Aug",8.4,1975-08-01,FALSE,1
"333",1975,"Sep",8.4,1975-09-01,FALSE,1
"334",1975,"Oct",8.4,1975-10-01,FALSE,1
"335",1975,"Nov",8.3,1975-11-01,FALSE,1
"336",1975,"Dec",8.2,1975-12-01,FALSE,1
"337",1976,"Jan",7.9,1976-01-01,FALSE,1
"338",1976,"Feb",7.7,1976-02-01,FALSE,1
"339",1976,"Mar",7.6,1976-03-01,FALSE,1
"340",1976,"Apr",7.7,1976-04-01,FALSE,1
"341",1976,"May",7.4,1976-05-01,FALSE,1
"342",1976,"Jun",7.6,1976-06-01,FALSE,1
"343",1976,"Jul",7.8,1976-07-01,FALSE,1
"344",1976,"Aug",7.8,1976-08-01,FALSE,1
"345",1976,"Sep",7.6,1976-09-01,FALSE,1
"346",1976,"Oct",7.7,1976-10-01,FALSE,1
"347",1976,"Nov",7.8,1976-11-01,FALSE,1
"348",1976,"Dec",7.8,1976-12-01,FALSE,1
"349",1977,"Jan",7.5,1977-01-01,FALSE,1
"350",1977,"Feb",7.6,1977-02-01,FALSE,1
"351",1977,"Mar",7.4,1977-03-01,FALSE,1
"352",1977,"Apr",7.2,1977-04-01,FALSE,1
"353",1977,"May",7,1977-05-01,FALSE,1
"354",1977,"Jun",7.2,1977-06-01,FALSE,1
"355",1977,"Jul",6.9,1977-07-01,FALSE,1
"356",1977,"Aug",7,1977-08-01,FALSE,1
"357",1977,"Sep",6.8,1977-09-01,FALSE,1
"358",1977,"Oct",6.8,1977-10-01,FALSE,1
"359",1977,"Nov",6.8,1977-11-01,FALSE,1
"360",1977,"Dec",6.4,1977-12-01,FALSE,1
"361",1978,"Jan",6.4,1978-01-01,FALSE,1
"362",1978,"Feb",6.3,1978-02-01,FALSE,1
"363",1978,"Mar",6.3,1978-03-01,FALSE,1
"364",1978,"Apr",6.1,1978-04-01,FALSE,1
"365",1978,"May",6,1978-05-01,FALSE,1
"366",1978,"Jun",5.9,1978-06-01,FALSE,1
"367",1978,"Jul",6.2,1978-07-01,FALSE,1
"368",1978,"Aug",5.9,1978-08-01,FALSE,1
"369",1978,"Sep",6,1978-09-01,FALSE,1
"370",1978,"Oct",5.8,1978-10-01,FALSE,1
"371",1978,"Nov",5.9,1978-11-01,FALSE,1
"372",1978,"Dec",6,1978-12-01,FALSE,1
"373",1979,"Jan",5.9,1979-01-01,FALSE,1
"374",1979,"Feb",5.9,1979-02-01,FALSE,1
"375",1979,"Mar",5.8,1979-03-01,FALSE,1
"376",1979,"Apr",5.8,1979-04-01,FALSE,1
"377",1979,"May",5.6,1979-05-01,FALSE,1
"378",1979,"Jun",5.7,1979-06-01,FALSE,1
"379",1979,"Jul",5.7,1979-07-01,FALSE,1
"380",1979,"Aug",6,1979-08-01,FALSE,1
"381",1979,"Sep",5.9,1979-09-01,FALSE,1
"382",1979,"Oct",6,1979-10-01,FALSE,1
"383",1979,"Nov",5.9,1979-11-01,FALSE,1
"384",1979,"Dec",6,1979-12-01,FALSE,1
"385",1980,"Jan",6.3,1980-01-01,FALSE,1
"386",1980,"Feb",6.3,1980-02-01,FALSE,1
"387",1980,"Mar",6.3,1980-03-01,FALSE,1
"388",1980,"Apr",6.9,1980-04-01,FALSE,1
"389",1980,"May",7.5,1980-05-01,FALSE,1
"390",1980,"Jun",7.6,1980-06-01,FALSE,1
"391",1980,"Jul",7.8,1980-07-01,FALSE,1
"392",1980,"Aug",7.7,1980-08-01,FALSE,1
"393",1980,"Sep",7.5,1980-09-01,FALSE,1
"394",1980,"Oct",7.5,1980-10-01,FALSE,1
"395",1980,"Nov",7.5,1980-11-01,FALSE,1
"396",1980,"Dec",7.2,1980-12-01,FALSE,1
"397",1981,"Jan",7.5,1981-01-01,FALSE,1
"398",1981,"Feb",7.4,1981-02-01,FALSE,1
"399",1981,"Mar",7.4,1981-03-01,FALSE,1
"400",1981,"Apr",7.2,1981-04-01,FALSE,1
"401",1981,"May",7.5,1981-05-01,FALSE,1
"402",1981,"Jun",7.5,1981-06-01,FALSE,1
"403",1981,"Jul",7.2,1981-07-01,FALSE,1
"404",1981,"Aug",7.4,1981-08-01,FALSE,1
"405",1981,"Sep",7.6,1981-09-01,FALSE,1
"406",1981,"Oct",7.9,1981-10-01,FALSE,1
"407",1981,"Nov",8.3,1981-11-01,FALSE,1
"408",1981,"Dec",8.5,1981-12-01,FALSE,1
"409",1982,"Jan",8.6,1982-01-01,FALSE,1
"410",1982,"Feb",8.9,1982-02-01,FALSE,1
"411",1982,"Mar",9,1982-03-01,FALSE,1
"412",1982,"Apr",9.3,1982-04-01,FALSE,1
"413",1982,"May",9.4,1982-05-01,FALSE,1
"414",1982,"Jun",9.6,1982-06-01,FALSE,1
"415",1982,"Jul",9.8,1982-07-01,FALSE,1
"416",1982,"Aug",9.8,1982-08-01,FALSE,1
"417",1982,"Sep",10.1,1982-09-01,FALSE,1
"418",1982,"Oct",10.4,1982-10-01,FALSE,1
"419",1982,"Nov",10.8,1982-11-01,FALSE,1
"420",1982,"Dec",10.8,1982-12-01,FALSE,1
"421",1983,"Jan",10.4,1983-01-01,FALSE,1
"422",1983,"Feb",10.4,1983-02-01,FALSE,1
"423",1983,"Mar",10.3,1983-03-01,FALSE,1
"424",1983,"Apr",10.2,1983-04-01,FALSE,1
"425",1983,"May",10.1,1983-05-01,FALSE,1
"426",1983,"Jun",10.1,1983-06-01,FALSE,1
"427",1983,"Jul",9.4,1983-07-01,FALSE,1
"428",1983,"Aug",9.5,1983-08-01,FALSE,1
"429",1983,"Sep",9.2,1983-09-01,FALSE,1
"430",1983,"Oct",8.8,1983-10-01,FALSE,1
"431",1983,"Nov",8.5,1983-11-01,FALSE,1
"432",1983,"Dec",8.3,1983-12-01,FALSE,1
"433",1984,"Jan",8,1984-01-01,FALSE,1
"434",1984,"Feb",7.8,1984-02-01,FALSE,1
"435",1984,"Mar",7.8,1984-03-01,FALSE,1
"436",1984,"Apr",7.7,1984-04-01,FALSE,1
"437",1984,"May",7.4,1984-05-01,FALSE,1
"438",1984,"Jun",7.2,1984-06-01,FALSE,1
"439",1984,"Jul",7.5,1984-07-01,FALSE,1
"440",1984,"Aug",7.5,1984-08-01,FALSE,1
"441",1984,"Sep",7.3,1984-09-01,FALSE,1
"442",1984,"Oct",7.4,1984-10-01,FALSE,1
"443",1984,"Nov",7.2,1984-11-01,FALSE,1
"444",1984,"Dec",7.3,1984-12-01,FALSE,1
"445",1985,"Jan",7.3,1985-01-01,FALSE,1
"446",1985,"Feb",7.2,1985-02-01,FALSE,1
"447",1985,"Mar",7.2,1985-03-01,FALSE,1
"448",1985,"Apr",7.3,1985-04-01,FALSE,1
"449",1985,"May",7.2,1985-05-01,FALSE,1
"450",1985,"Jun",7.4,1985-06-01,FALSE,1
"451",1985,"Jul",7.4,1985-07-01,FALSE,1
"452",1985,"Aug",7.1,1985-08-01,FALSE,1
"453",1985,"Sep",7.1,1985-09-01,FALSE,1
"454",1985,"Oct",7.1,1985-10-01,FALSE,1
"455",1985,"Nov",7,1985-11-01,FALSE,1
"456",1985,"Dec",7,1985-12-01,FALSE,1
"457",1986,"Jan",6.7,1986-01-01,FALSE,1
"458",1986,"Feb",7.2,1986-02-01,FALSE,1
"459",1986,"Mar",7.2,1986-03-01,FALSE,1
"460",1986,"Apr",7.1,1986-04-01,FALSE,1
"461",1986,"May",7.2,1986-05-01,FALSE,1
"462",1986,"Jun",7.2,1986-06-01,FALSE,1
"463",1986,"Jul",7,1986-07-01,FALSE,1
"464",1986,"Aug",6.9,1986-08-01,FALSE,1
"465",1986,"Sep",7,1986-09-01,FALSE,1
"466",1986,"Oct",7,1986-10-01,FALSE,1
"467",1986,"Nov",6.9,1986-11-01,FALSE,1
"468",1986,"Dec",6.6,1986-12-01,FALSE,1
"469",1987,"Jan",6.6,1987-01-01,FALSE,1
"470",1987,"Feb",6.6,1987-02-01,FALSE,1
"471",1987,"Mar",6.6,1987-03-01,FALSE,1
"472",1987,"Apr",6.3,1987-04-01,FALSE,1
"473",1987,"May",6.3,1987-05-01,FALSE,1
"474",1987,"Jun",6.2,1987-06-01,FALSE,1
"475",1987,"Jul",6.1,1987-07-01,FALSE,1
"476",1987,"Aug",6,1987-08-01,FALSE,1
"477",1987,"Sep",5.9,1987-09-01,FALSE,1
"478",1987,"Oct",6,1987-10-01,FALSE,1
"479",1987,"Nov",5.8,1987-11-01,FALSE,1
"480",1987,"Dec",5.7,1987-12-01,FALSE,1
"481",1988,"Jan",5.7,1988-01-01,FALSE,1
"482",1988,"Feb",5.7,1988-02-01,FALSE,1
"483",1988,"Mar",5.7,1988-03-01,FALSE,1
"484",1988,"Apr",5.4,1988-04-01,FALSE,1
"485",1988,"May",5.6,1988-05-01,FALSE,1
"486",1988,"Jun",5.4,1988-06-01,FALSE,1
"487",1988,"Jul",5.4,1988-07-01,FALSE,1
"488",1988,"Aug",5.6,1988-08-01,FALSE,1
"489",1988,"Sep",5.4,1988-09-01,FALSE,1
"490",1988,"Oct",5.4,1988-10-01,FALSE,1
"491",1988,"Nov",5.3,1988-11-01,FALSE,1
"492",1988,"Dec",5.3,1988-12-01,FALSE,1
"493",1989,"Jan",5.4,1989-01-01,FALSE,1
"494",1989,"Feb",5.2,1989-02-01,FALSE,1
"495",1989,"Mar",5,1989-03-01,FALSE,1
"496",1989,"Apr",5.2,1989-04-01,FALSE,1
"497",1989,"May",5.2,1989-05-01,FALSE,1
"498",1989,"Jun",5.3,1989-06-01,FALSE,1
"499",1989,"Jul",5.2,1989-07-01,FALSE,1
"500",1989,"Aug",5.2,1989-08-01,FALSE,1
"501",1989,"Sep",5.3,1989-09-01,FALSE,1
"502",1989,"Oct",5.3,1989-10-01,FALSE,1
"503",1989,"Nov",5.4,1989-11-01,FALSE,1
"504",1989,"Dec",5.4,1989-12-01,FALSE,1
"505",1990,"Jan",5.4,1990-01-01,FALSE,1
"506",1990,"Feb",5.3,1990-02-01,FALSE,1
"507",1990,"Mar",5.2,1990-03-01,FALSE,1
"508",1990,"Apr",5.4,1990-04-01,FALSE,1
"509",1990,"May",5.4,1990-05-01,FALSE,1
"510",1990,"Jun",5.2,1990-06-01,FALSE,1
"511",1990,"Jul",5.5,1990-07-01,FALSE,1
"512",1990,"Aug",5.7,1990-08-01,FALSE,1
"513",1990,"Sep",5.9,1990-09-01,FALSE,1
"514",1990,"Oct",5.9,1990-10-01,FALSE,1
"515",1990,"Nov",6.2,1990-11-01,FALSE,1
"516",1990,"Dec",6.3,1990-12-01,FALSE,1
"517",1991,"Jan",6.4,1991-01-01,FALSE,1
"518",1991,"Feb",6.6,1991-02-01,FALSE,1
"519",1991,"Mar",6.8,1991-03-01,FALSE,1
"520",1991,"Apr",6.7,1991-04-01,FALSE,1
"521",1991,"May",6.9,1991-05-01,FALSE,1
"522",1991,"Jun",6.9,1991-06-01,FALSE,1
"523",1991,"Jul",6.8,1991-07-01,FALSE,1
"524",1991,"Aug",6.9,1991-08-01,FALSE,1
"525",1991,"Sep",6.9,1991-09-01,FALSE,1
"526",1991,"Oct",7,1991-10-01,FALSE,1
"527",1991,"Nov",7,1991-11-01,FALSE,1
"528",1991,"Dec",7.3,1991-12-01,FALSE,1
"529",1992,"Jan",7.3,1992-01-01,FALSE,1
"530",1992,"Feb",7.4,1992-02-01,FALSE,1
"531",1992,"Mar",7.4,1992-03-01,FALSE,1
"532",1992,"Apr",7.4,1992-04-01,FALSE,1
"533",1992,"May",7.6,1992-05-01,FALSE,1
"534",1992,"Jun",7.8,1992-06-01,FALSE,1
"535",1992,"Jul",7.7,1992-07-01,FALSE,1
"536",1992,"Aug",7.6,1992-08-01,FALSE,1
"537",1992,"Sep",7.6,1992-09-01,FALSE,1
"538",1992,"Oct",7.3,1992-10-01,FALSE,1
"539",1992,"Nov",7.4,1992-11-01,FALSE,1
"540",1992,"Dec",7.4,1992-12-01,FALSE,1
"541",1993,"Jan",7.3,1993-01-01,FALSE,1
"542",1993,"Feb",7.1,1993-02-01,FALSE,1
"543",1993,"Mar",7,1993-03-01,FALSE,1
"544",1993,"Apr",7.1,1993-04-01,FALSE,1
"545",1993,"May",7.1,1993-05-01,FALSE,1
"546",1993,"Jun",7,1993-06-01,FALSE,1
"547",1993,"Jul",6.9,1993-07-01,FALSE,1
"548",1993,"Aug",6.8,1993-08-01,FALSE,1
"549",1993,"Sep",6.7,1993-09-01,FALSE,1
"550",1993,"Oct",6.8,1993-10-01,FALSE,1
"551",1993,"Nov",6.6,1993-11-01,FALSE,1
"552",1993,"Dec",6.5,1993-12-01,FALSE,1
"553",1994,"Jan",6.6,1994-01-01,FALSE,1
"554",1994,"Feb",6.6,1994-02-01,FALSE,1
"555",1994,"Mar",6.5,1994-03-01,FALSE,1
"556",1994,"Apr",6.4,1994-04-01,FALSE,1
"557",1994,"May",6.1,1994-05-01,FALSE,1
"558",1994,"Jun",6.1,1994-06-01,FALSE,1
"559",1994,"Jul",6.1,1994-07-01,FALSE,1
"560",1994,"Aug",6,1994-08-01,FALSE,1
"561",1994,"Sep",5.9,1994-09-01,FALSE,1
"562",1994,"Oct",5.8,1994-10-01,FALSE,1
"563",1994,"Nov",5.6,1994-11-01,FALSE,1
"564",1994,"Dec",5.5,1994-12-01,FALSE,1
"565",1995,"Jan",5.6,1995-01-01,FALSE,1
"566",1995,"Feb",5.4,1995-02-01,FALSE,1
"567",1995,"Mar",5.4,1995-03-01,FALSE,1
"568",1995,"Apr",5.8,1995-04-01,FALSE,1
"569",1995,"May",5.6,1995-05-01,FALSE,1
"570",1995,"Jun",5.6,1995-06-01,FALSE,1
"571",1995,"Jul",5.7,1995-07-01,FALSE,1
"572",1995,"Aug",5.7,1995-08-01,FALSE,1
"573",1995,"Sep",5.6,1995-09-01,FALSE,1
"574",1995,"Oct",5.5,1995-10-01,FALSE,1
"575",1995,"Nov",5.6,1995-11-01,FALSE,1
"576",1995,"Dec",5.6,1995-12-01,FALSE,1
"577",1996,"Jan",5.6,1996-01-01,FALSE,1
"578",1996,"Feb",5.5,1996-02-01,FALSE,1
"579",1996,"Mar",5.5,1996-03-01,FALSE,1
"580",1996,"Apr",5.6,1996-04-01,FALSE,1
"581",1996,"May",5.6,1996-05-01,FALSE,1
"582",1996,"Jun",5.3,1996-06-01,FALSE,1
"583",1996,"Jul",5.5,1996-07-01,FALSE,1
"584",1996,"Aug",5.1,1996-08-01,FALSE,1
"585",1996,"Sep",5.2,1996-09-01,FALSE,1
"586",1996,"Oct",5.2,1996-10-01,FALSE,1
"587",1996,"Nov",5.4,1996-11-01,FALSE,1
"588",1996,"Dec",5.4,1996-12-01,FALSE,1
"589",1997,"Jan",5.3,1997-01-01,FALSE,1
"590",1997,"Feb",5.2,1997-02-01,FALSE,1
"591",1997,"Mar",5.2,1997-03-01,FALSE,1
"592",1997,"Apr",5.1,1997-04-01,FALSE,1
"593",1997,"May",4.9,1997-05-01,FALSE,1
"594",1997,"Jun",5,1997-06-01,FALSE,1
"595",1997,"Jul",4.9,1997-07-01,FALSE,1
"596",1997,"Aug",4.8,1997-08-01,FALSE,1
"597",1997,"Sep",4.9,1997-09-01,FALSE,1
"598",1997,"Oct",4.7,1997-10-01,FALSE,1
"599",1997,"Nov",4.6,1997-11-01,FALSE,1
"600",1997,"Dec",4.7,1997-12-01,FALSE,1
"601",1998,"Jan",4.6,1998-01-01,FALSE,1
"602",1998,"Feb",4.6,1998-02-01,FALSE,1
"603",1998,"Mar",4.7,1998-03-01,FALSE,1
"604",1998,"Apr",4.3,1998-04-01,FALSE,1
"605",1998,"May",4.4,1998-05-01,FALSE,1
"606",1998,"Jun",4.5,1998-06-01,FALSE,1
"607",1998,"Jul",4.5,1998-07-01,FALSE,1
"608",1998,"Aug",4.5,1998-08-01,FALSE,1
"609",1998,"Sep",4.6,1998-09-01,FALSE,1
"610",1998,"Oct",4.5,1998-10-01,FALSE,1
"611",1998,"Nov",4.4,1998-11-01,FALSE,1
"612",1998,"Dec",4.4,1998-12-01,FALSE,1
"613",1999,"Jan",4.3,1999-01-01,FALSE,1
"614",1999,"Feb",4.4,1999-02-01,FALSE,1
"615",1999,"Mar",4.2,1999-03-01,FALSE,1
"616",1999,"Apr",4.3,1999-04-01,FALSE,1
"617",1999,"May",4.2,1999-05-01,FALSE,1
"618",1999,"Jun",4.3,1999-06-01,FALSE,1
"619",1999,"Jul",4.3,1999-07-01,FALSE,1
"620",1999,"Aug",4.2,1999-08-01,FALSE,1
"621",1999,"Sep",4.2,1999-09-01,FALSE,1
"622",1999,"Oct",4.1,1999-10-01,FALSE,1
"623",1999,"Nov",4.1,1999-11-01,FALSE,1
"624",1999,"Dec",4,1999-12-01,FALSE,1
"625",2000,"Jan",4,2000-01-01,FALSE,1
"626",2000,"Feb",4.1,2000-02-01,FALSE,1
"627",2000,"Mar",4,2000-03-01,FALSE,1
"628",2000,"Apr",3.8,2000-04-01,TRUE,1
"629",2000,"May",4,2000-05-01,FALSE,1
"630",2000,"Jun",4,2000-06-01,FALSE,1
"631",2000,"Jul",4,2000-07-01,FALSE,1
"632",2000,"Aug",4.1,2000-08-01,FALSE,1
"633",2000,"Sep",3.9,2000-09-01,TRUE,1
"634",2000,"Oct",3.9,2000-10-01,TRUE,1
"635",2000,"Nov",3.9,2000-11-01,TRUE,1
"636",2000,"Dec",3.9,2000-12-01,TRUE,1
"637",2001,"Jan",4.2,2001-01-01,FALSE,1
"638",2001,"Feb",4.2,2001-02-01,FALSE,1
"639",2001,"Mar",4.3,2001-03-01,FALSE,1
"640",2001,"Apr",4.4,2001-04-01,FALSE,1
"641",2001,"May",4.3,2001-05-01,FALSE,1
"642",2001,"Jun",4.5,2001-06-01,FALSE,1
"643",2001,"Jul",4.6,2001-07-01,FALSE,1
"644",2001,"Aug",4.9,2001-08-01,FALSE,1
"645",2001,"Sep",5,2001-09-01,FALSE,1
"646",2001,"Oct",5.3,2001-10-01,FALSE,1
"647",2001,"Nov",5.5,2001-11-01,FALSE,1
"648",2001,"Dec",5.7,2001-12-01,FALSE,1
"649",2002,"Jan",5.7,2002-01-01,FALSE,1
"650",2002,"Feb",5.7,2002-02-01,FALSE,1
"651",2002,"Mar",5.7,2002-03-01,FALSE,1
"652",2002,"Apr",5.9,2002-04-01,FALSE,1
"653",2002,"May",5.8,2002-05-01,FALSE,1
"654",2002,"Jun",5.8,2002-06-01,FALSE,1
"655",2002,"Jul",5.8,2002-07-01,FALSE,1
"656",2002,"Aug",5.7,2002-08-01,FALSE,1
"657",2002,"Sep",5.7,2002-09-01,FALSE,1
"658",2002,"Oct",5.7,2002-10-01,FALSE,1
"659",2002,"Nov",5.9,2002-11-01,FALSE,1
"660",2002,"Dec",6,2002-12-01,FALSE,1
"661",2003,"Jan",5.8,2003-01-01,FALSE,1
"662",2003,"Feb",5.9,2003-02-01,FALSE,1
"663",2003,"Mar",5.9,2003-03-01,FALSE,1
"664",2003,"Apr",6,2003-04-01,FALSE,1
"665",2003,"May",6.1,2003-05-01,FALSE,1
"666",2003,"Jun",6.3,2003-06-01,FALSE,1
"667",2003,"Jul",6.2,2003-07-01,FALSE,1
"668",2003,"Aug",6.1,2003-08-01,FALSE,1
"669",2003,"Sep",6.1,2003-09-01,FALSE,1
"670",2003,"Oct",6,2003-10-01,FALSE,1
"671",2003,"Nov",5.8,2003-11-01,FALSE,1
"672",2003,"Dec",5.7,2003-12-01,FALSE,1
"673",2004,"Jan",5.7,2004-01-01,FALSE,1
"674",2004,"Feb",5.6,2004-02-01,FALSE,1
"675",2004,"Mar",5.8,2004-03-01,FALSE,1
"676",2004,"Apr",5.6,2004-04-01,FALSE,1
"677",2004,"May",5.6,2004-05-01,FALSE,1
"678",2004,"Jun",5.6,2004-06-01,FALSE,1
"679",2004,"Jul",5.5,2004-07-01,FALSE,1
"680",2004,"Aug",5.4,2004-08-01,FALSE,1
"681",2004,"Sep",5.4,2004-09-01,FALSE,1
"682",2004,"Oct",5.5,2004-10-01,FALSE,1
"683",2004,"Nov",5.4,2004-11-01,FALSE,1
"684",2004,"Dec",5.4,2004-12-01,FALSE,1
"685",2005,"Jan",5.3,2005-01-01,FALSE,1
"686",2005,"Feb",5.4,2005-02-01,FALSE,1
"687",2005,"Mar",5.2,2005-03-01,FALSE,1
"688",2005,"Apr",5.2,2005-04-01,FALSE,1
"689",2005,"May",5.1,2005-05-01,FALSE,1
"690",2005,"Jun",5,2005-06-01,FALSE,1
"691",2005,"Jul",5,2005-07-01,FALSE,1
"692",2005,"Aug",4.9,2005-08-01,FALSE,1
"693",2005,"Sep",5,2005-09-01,FALSE,1
"694",2005,"Oct",5,2005-10-01,FALSE,1
"695",2005,"Nov",5,2005-11-01,FALSE,1
"696",2005,"Dec",4.9,2005-12-01,FALSE,1
"697",2006,"Jan",4.7,2006-01-01,FALSE,1
"698",2006,"Feb",4.8,2006-02-01,FALSE,1
"699",2006,"Mar",4.7,2006-03-01,FALSE,1
"700",2006,"Apr",4.7,2006-04-01,FALSE,1
"701",2006,"May",4.6,2006-05-01,FALSE,1
"702",2006,"Jun",4.6,2006-06-01,FALSE,1
"703",2006,"Jul",4.7,2006-07-01,FALSE,1
"704",2006,"Aug",4.7,2006-08-01,FALSE,1
"705",2006,"Sep",4.5,2006-09-01,FALSE,1
"706",2006,"Oct",4.4,2006-10-01,FALSE,1
"707",2006,"Nov",4.5,2006-11-01,FALSE,1
"708",2006,"Dec",4.4,2006-12-01,FALSE,1
"709",2007,"Jan",4.6,2007-01-01,FALSE,1
"710",2007,"Feb",4.5,2007-02-01,FALSE,1
"711",2007,"Mar",4.4,2007-03-01,FALSE,1
"712",2007,"Apr",4.5,2007-04-01,FALSE,1
"713",2007,"May",4.4,2007-05-01,FALSE,1
"714",2007,"Jun",4.6,2007-06-01,FALSE,1
"715",2007,"Jul",4.7,2007-07-01,FALSE,1
"716",2007,"Aug",4.6,2007-08-01,FALSE,1
"717",2007,"Sep",4.7,2007-09-01,FALSE,1
"718",2007,"Oct",4.7,2007-10-01,FALSE,1
"719",2007,"Nov",4.7,2007-11-01,FALSE,1
"720",2007,"Dec",5,2007-12-01,FALSE,1
"721",2008,"Jan",5,2008-01-01,FALSE,1
"722",2008,"Feb",4.9,2008-02-01,FALSE,1
"723",2008,"Mar",5.1,2008-03-01,FALSE,1
"724",2008,"Apr",5,2008-04-01,FALSE,1
"725",2008,"May",5.4,2008-05-01,FALSE,1
"726",2008,"Jun",5.6,2008-06-01,FALSE,1
"727",2008,"Jul",5.8,2008-07-01,FALSE,1
"728",2008,"Aug",6.1,2008-08-01,FALSE,1
"729",2008,"Sep",6.1,2008-09-01,FALSE,1
"730",2008,"Oct",6.5,2008-10-01,FALSE,1
"731",2008,"Nov",6.8,2008-11-01,FALSE,1
"732",2008,"Dec",7.3,2008-12-01,FALSE,1
"733",2009,"Jan",7.8,2009-01-01,FALSE,1
"734",2009,"Feb",8.3,2009-02-01,FALSE,1
"735",2009,"Mar",8.7,2009-03-01,FALSE,1
"736",2009,"Apr",9,2009-04-01,FALSE,1
"737",2009,"May",9.4,2009-05-01,FALSE,1
"738",2009,"Jun",9.5,2009-06-01,FALSE,1
"739",2009,"Jul",9.5,2009-07-01,FALSE,1
"740",2009,"Aug",9.6,2009-08-01,FALSE,1
"741",2009,"Sep",9.8,2009-09-01,FALSE,1
"742",2009,"Oct",10,2009-10-01,FALSE,1
"743",2009,"Nov",9.9,2009-11-01,FALSE,1
"744",2009,"Dec",9.9,2009-12-01,FALSE,1
"745",2010,"Jan",9.8,2010-01-01,FALSE,1
"746",2010,"Feb",9.8,2010-02-01,FALSE,1
"747",2010,"Mar",9.9,2010-03-01,FALSE,1
"748",2010,"Apr",9.9,2010-04-01,FALSE,1
"749",2010,"May",9.6,2010-05-01,FALSE,1
"750",2010,"Jun",9.4,2010-06-01,FALSE,1
"751",2010,"Jul",9.4,2010-07-01,FALSE,1
"752",2010,"Aug",9.5,2010-08-01,FALSE,1
"753",2010,"Sep",9.5,2010-09-01,FALSE,1
"754",2010,"Oct",9.4,2010-10-01,FALSE,1
"755",2010,"Nov",9.8,2010-11-01,FALSE,1
"756",2010,"Dec",9.3,2010-12-01,FALSE,1
"757",2011,"Jan",9.1,2011-01-01,FALSE,1
"758",2011,"Feb",9,2011-02-01,FALSE,1
"759",2011,"Mar",9,2011-03-01,FALSE,1
"760",2011,"Apr",9.1,2011-04-01,FALSE,1
"761",2011,"May",9,2011-05-01,FALSE,1
"762",2011,"Jun",9.1,2011-06-01,FALSE,1
"763",2011,"Jul",9,2011-07-01,FALSE,1
"764",2011,"Aug",9,2011-08-01,FALSE,1
"765",2011,"Sep",9,2011-09-01,FALSE,1
"766",2011,"Oct",8.8,2011-10-01,FALSE,1
"767",2011,"Nov",8.6,2011-11-01,FALSE,1
"768",2011,"Dec",8.5,2011-12-01,FALSE,1
"769",2012,"Jan",8.3,2012-01-01,FALSE,1
"770",2012,"Feb",8.3,2012-02-01,FALSE,1
"771",2012,"Mar",8.2,2012-03-01,FALSE,1
"772",2012,"Apr",8.2,2012-04-01,FALSE,1
"773",2012,"May",8.2,2012-05-01,FALSE,1
"774",2012,"Jun",8.2,2012-06-01,FALSE,1
"775",2012,"Jul",8.2,2012-07-01,FALSE,1
"776",2012,"Aug",8.1,2012-08-01,FALSE,1
"777",2012,"Sep",7.8,2012-09-01,FALSE,1
"778",2012,"Oct",7.8,2012-10-01,FALSE,1
"779",2012,"Nov",7.7,2012-11-01,FALSE,1
"780",2012,"Dec",7.9,2012-12-01,FALSE,1
"781",2013,"Jan",8,2013-01-01,FALSE,1
"782",2013,"Feb",7.7,2013-02-01,FALSE,1
"783",2013,"Mar",7.5,2013-03-01,FALSE,1
"784",2013,"Apr",7.6,2013-04-01,FALSE,1
"785",2013,"May",7.5,2013-05-01,FALSE,1
"786",2013,"Jun",7.5,2013-06-01,FALSE,1
"787",2013,"Jul",7.3,2013-07-01,FALSE,1
"788",2013,"Aug",7.2,2013-08-01,FALSE,1
"789",2013,"Sep",7.2,2013-09-01,FALSE,1
"790",2013,"Oct",7.2,2013-10-01,FALSE,1
"791",2013,"Nov",6.9,2013-11-01,FALSE,1
"792",2013,"Dec",6.7,2013-12-01,FALSE,1
"793",2014,"Jan",6.6,2014-01-01,FALSE,1
"794",2014,"Feb",6.7,2014-02-01,FALSE,1
"795",2014,"Mar",6.7,2014-03-01,FALSE,1
"796",2014,"Apr",6.3,2014-04-01,FALSE,1
"797",2014,"May",6.3,2014-05-01,FALSE,1
"798",2014,"Jun",6.1,2014-06-01,FALSE,1
"799",2014,"Jul",6.2,2014-07-01,FALSE,1
"800",2014,"Aug",6.2,2014-08-01,FALSE,1
"801",2014,"Sep",5.9,2014-09-01,FALSE,1
"802",2014,"Oct",5.7,2014-10-01,FALSE,1
"803",2014,"Nov",5.8,2014-11-01,FALSE,1
"804",2014,"Dec",5.6,2014-12-01,FALSE,1
"805",2015,"Jan",5.7,2015-01-01,FALSE,1
"806",2015,"Feb",5.5,2015-02-01,FALSE,1
"807",2015,"Mar",5.5,2015-03-01,FALSE,1
"808",2015,"Apr",5.4,2015-04-01,FALSE,1
"809",2015,"May",5.5,2015-05-01,FALSE,1
"810",2015,"Jun",5.3,2015-06-01,FALSE,1
"811",2015,"Jul",5.2,2015-07-01,FALSE,1
"812",2015,"Aug",5.1,2015-08-01,FALSE,1
"813",2015,"Sep",5,2015-09-01,FALSE,1
"814",2015,"Oct",5,2015-10-01,FALSE,1
"815",2015,"Nov",5,2015-11-01,FALSE,1
"816",2015,"Dec",5,2015-12-01,FALSE,1
"817",2016,"Jan",4.9,2016-01-01,FALSE,1
"818",2016,"Feb",4.9,2016-02-01,FALSE,1
"819",2016,"Mar",5,2016-03-01,FALSE,1
"820",2016,"Apr",5,2016-04-01,FALSE,1
"821",2016,"May",4.7,2016-05-01,FALSE,1
"822",2016,"Jun",4.9,2016-06-01,FALSE,1
"823",2016,"Jul",4.9,2016-07-01,FALSE,1
"824",2016,"Aug",4.9,2016-08-01,FALSE,1
"825",2016,"Sep",5,2016-09-01,FALSE,1
"826",2016,"Oct",4.9,2016-10-01,FALSE,1
"827",2016,"Nov",4.6,2016-11-01,FALSE,1
"828",2016,"Dec",4.7,2016-12-01,FALSE,1
"829",2017,"Jan",4.8,2017-01-01,FALSE,1
"830",2017,"Feb",4.7,2017-02-01,FALSE,1
"831",2017,"Mar",4.5,2017-03-01,FALSE,1
"832",2017,"Apr",4.4,2017-04-01,FALSE,1
"833",2017,"May",4.3,2017-05-01,FALSE,1
"834",2017,"Jun",4.3,2017-06-01,FALSE,1
"835",2017,"Jul",4.3,2017-07-01,FALSE,1
"836",2017,"Aug",4.4,2017-08-01,FALSE,1
"837",2017,"Sep",4.2,2017-09-01,FALSE,1
"838",2017,"Oct",4.1,2017-10-01,FALSE,1
"839",2017,"Nov",4.1,2017-11-01,FALSE,1
"840",2017,"Dec",4.1,2017-12-01,FALSE,1
"841",2018,"Jan",4.1,2018-01-01,FALSE,1
"842",2018,"Feb",4.1,2018-02-01,FALSE,1
"843",2018,"Mar",4.1,2018-03-01,FALSE,1
"844",2018,"Apr",3.9,2018-04-01,TRUE,1
